{
  "20 robots": {
    "status": "solution found",
    "time": 1800.1882507801056,
    "build_time": 0.004027128219604492,
    "haversine_cost": {
      "build": 10000.0,
      "maintenance": 5000.0,
      "charging": 3652.555843409563,
      "transport": 13000.0,
      "total": 31652.555843409562
    },
    "minlp_obj": 31660.311114891778,
    "gap": 0.32824866040243866,
    "n_stations": 2,
    "n_chargers": [
      7,
      3
    ],
    "transport_count": 13,
    "station_lon": [
      146.96684906245412,
      -128.47748416253438
    ],
    "station_lat": [
      -78.99829155802921,
      -77.3820404856582
    ]
  },
  "50 robots": {
    "status": "solution found",
    "time": 1800.482918024063,
    "build_time": 0.011369943618774414,
    "haversine_cost": {
      "build": 20000.0,
      "maintenance": 12500.0,
      "charging": 12931.383993800304,
      "transport": 40000.0,
      "total": 85431.38399380031
    },
    "minlp_obj": 86468.06552940722,
    "gap": 0.6734215428146024,
    "n_stations": 4,
    "n_chargers": [
      7,
      8,
      6,
      4
    ],
    "transport_count": 40,
    "station_lon": [
      -130.3471785253519,
      128.23120380768844,
      -32.04843736432451,
      4.4355317571341155
    ],
    "station_lat": [
      -76.55314491499051,
      -75.9320950791452,
      -88.86691964492606,
      -82.05630410982029
    ]
  },
  "100 robots": {
    "status": "solution found",
    "time": 1801.2103908061981,
    "build_time": 0.08297085762023926,
    "haversine_cost": {
      "build": 35000.0,
      "maintenance": 26000.0,
      "charging": 24824.980530152083,
      "transport": 89000.0,
      "total": 174824.9805301521
    },
    "minlp_obj": 174853.33388013975,
    "gap": 0.6783018158603779,
    "n_stations": 7,
    "n_chargers": [
      8,
      8,
      8,
      4,
      8,
      8,
      8
    ],
    "transport_count": 89,
    "station_lon": [
      122.27248336165383,
      -90.0,
      86.94201904933338,
      -89.41667550545354,
      79.52743603842819,
      -24.627931244327144,
      -43.20343431714965
    ],
    "station_lat": [
      -77.03556801263518,
      -89.72862298492721,
      -89.21966517247715,
      -85.91109659799136,
      -89.77097787088982,
      -82.14581476159239,
      -78.02927781547727
    ]
  }
}