{
  "20 robots": {
    "time": 0.0010142326354980469,
    "feasible": true,
    "cost": {
      "build": 10000.0,
      "maintenance": 5000.0,
      "charging": 49.9074526302553,
      "transport": 16000.0,
      "total": 31049.907452630257
    },
    "n_stations": 2,
    "n_chargers": [
      8,
      2
    ],
    "transport_count": 16,
    "station_lon": [
      173.3664299,
      49.12803528
    ],
    "station_lat": [
      -87.52301581,
      -73.85925454
    ]
  },
  "50 robots": {
    "time": 0.0,
    "feasible": true,
    "cost": {
      "build": 20000.0,
      "maintenance": 13000.0,
      "charging": 88.93565702428295,
      "transport": 42000.0,
      "total": 75088.93565702428
    },
    "n_stations": 4,
    "n_chargers": [
      8,
      3,
      8,
      7
    ],
    "transport_count": 42,
    "station_lon": [
      -142.2918866,
      -65.51415672,
      129.8361197,
      -6.951345031
    ],
    "station_lat": [
      -87.89183596,
      -67.06313464,
      -76.02821579,
      -79.33342577
    ]
  },
  "100 robots": {
    "time": 0.0,
    "feasible": true,
    "cost": {
      "build": 35000.0,
      "maintenance": 25000.0,
      "charging": 133.66398167549264,
      "transport": 87000.0,
      "total": 147133.6639816755
    },
    "n_stations": 7,
    "n_chargers": [
      8,
      6,
      8,
      8,
      7,
      8,
      5
    ],
    "transport_count": 87,
    "station_lon": [
      -153.8800133,
      -65.7092201,
      -14.45768964,
      148.3596381,
      79.69828241,
      -122.5848085,
      41.637997
    ],
    "station_lat": [
      -89.43271654,
      -69.39077893,
      -80.23887739,
      -74.17997067,
      -74.43816723,
      -82.56986532,
      -78.4670662
    ]
  },
  "1072 robots (full)": {
    "time": 0.06757640838623047,
    "feasible": true,
    "cost": {
      "build": 335000.0,
      "maintenance": 268000.0,
      "charging": 4817.414482862699,
      "transport": 732000.0,
      "total": 1339817.4144828627
    },
    "n_stations": 67,
    "n_chargers": [
      8,
      8,
      8,
      8,
      8,
      8,
      8,
      8,
      8,
      8,
      8,
      8,
      8,
      8,
      8,
      8,
      8,
      8,
      8,
      8,
      8,
      8,
      8,
      8,
      8,
      8,
      8,
      8,
      8,
      8,
      8,
      8,
      8,
      8,
      8,
      8,
      8,
      8,
      8,
      8,
      8,
      8,
      8,
      8,
      8,
      8,
      8,
      8,
      8,
      8,
      8,
      8,
      8,
      8,
      8,
      8,
      8,
      8,
      8,
      8,
      8,
      8,
      8,
      8,
      8,
      8,
      8
    ],
    "transport_count": 732,
    "station_lon": [
      27.30254479,
      -63.58781267,
      158.831008,
      -126.2271725,
      92.8038677,
      -9.16602723,
      -73.46485657,
      168.632061,
      55.46650228,
      124.9100138,
      -27.00179208,
      92.23356625,
      -67.09395838,
      -153.9465356,
      31.5207116,
      178.2740443,
      -124.7697926,
      -98.16956817,
      146.8664684,
      42.08179528,
      -3.160152634,
      127.7736512,
      111.2243525,
      80.79865371,
      143.2507555,
      130.9797431,
      -14.28108579,
      -151.6361995,
      102.2559208,
      8.50709599,
      -48.52883952,
      60.38799183,
      -65.71382784,
      -135.405585,
      63.68648754,
      157.0910138,
      -14.63866191,
      158.6102591,
      23.96172069,
      -50.38078174,
      -122.5101298,
      165.2614986,
      130.7638552,
      -69.69129569,
      -114.9544539,
      89.75258052,
      -28.89072773,
      136.6145757,
      140.4148668,
      153.6470526,
      -102.373653,
      -4.003659382,
      102.1252402,
      153.8103573,
      -30.82535568,
      74.29362218,
      -144.3776573,
      32.67178933,
      49.12803528,
      132.7162914,
      -17.64875297,
      -70.69751409,
      120.6984993,
      121.7839428,
      -9.979948224,
      -140.1312288,
      77.31251516
    ],
    "station_lat": [
      -85.49373497,
      -65.65069014,
      -71.6849753,
      -73.44373497,
      -70.22060437,
      -73.25151685,
      -82.00272908,
      -85.04651096,
      -71.50388967,
      -74.26483434,
      -78.30863883,
      -78.73759615,
      -72.71765532,
      -78.17574984,
      -71.74020965,
      -89.87889611,
      -81.44814279,
      -75.99200013,
      -77.83207912,
      -76.67185309,
      -79.50953312,
      -85.92940002,
      -70.12521388,
      -73.24763488,
      -71.63678786,
      -81.15868609,
      -84.70827282,
      -84.49525456,
      -75.94407071,
      -70.72948288,
      -79.10884652,
      -80.41297088,
      -68.86827607,
      -77.18437478,
      -75.56990591,
      -87.91821788,
      -75.13165349,
      -76.23008269,
      -77.18095303,
      -83.66098491,
      -76.26551403,
      -71.9537879,
      -71.06822545,
      -76.23347018,
      -85.38126478,
      -73.45653279,
      -87.37421674,
      -74.35835628,
      -84.48308869,
      -75.03090066,
      -79.83914191,
      -75.14462917,
      -71.41131725,
      -80.68772,
      -82.67742476,
      -83.26517883,
      -81.59068282,
      -74.36714376,
      -73.85925454,
      -77.59567199,
      -81.32696213,
      -69.41209604,
      -71.73049985,
      -77.73728214,
      -77.93224565,
      -87.85896352,
      -76.2501641
    ]
  },
  "best_k": 120,
  "1072 robots (k=120)": {
    "time": 0,
    "feasible": true,
    "cost": {
      "build": 600000.0,
      "maintenance": 280500.0,
      "charging": 9832.558231291323,
      "transport": 422000.0,
      "total": 1312332.5582312914
    },
    "n_stations": 120,
    "n_chargers": [
      7,
      4,
      1,
      8,
      1,
      1,
      2,
      4,
      2,
      8,
      1,
      1,
      2,
      2,
      1,
      8,
      8,
      5,
      8,
      2,
      8,
      1,
      1,
      5,
      3,
      5,
      1,
      2,
      2,
      6,
      3,
      3,
      1,
      8,
      8,
      8,
      1,
      5,
      4,
      6,
      8,
      1,
      2,
      8,
      1,
      1,
      4,
      3,
      7,
      6,
      8,
      8,
      8,
      1,
      7,
      4,
      8,
      1,
      8,
      8,
      2,
      6,
      8,
      4,
      2,
      8,
      1,
      8,
      3,
      3,
      1,
      1,
      5,
      2,
      1,
      8,
      1,
      7,
      4,
      6,
      8,
      1,
      4,
      4,
      6,
      8,
      8,
      6,
      4,
      8,
      3,
      8,
      8,
      7,
      1,
      1,
      5,
      5,
      3,
      1,
      8,
      4,
      8,
      8,
      8,
      8,
      3,
      4,
      5,
      8,
      2,
      8,
      3,
      3,
      8,
      2,
      8,
      8,
      8,
      8
    ],
    "transport_count": 422
  }
}