{
  "small_instances": {},
  "full_instance": {
    "eev": 1191019.919793361,
    "eev_first_stage": 879500.0,
    "eev_second_stage": 311519.9197933611,
    "eev_cvar_095": 330448.2615288378,
    "eev_var_095": 327749.40862089413,
    "eev_construct_k": 120,
    "eev_initial_n_stations": 120
  },
  "cvar_sensitivity": {},
  "vss_evpi": {
    "ws_50": 61553.04595901407,
    "rp_50": null,
    "eev_50": 61553.04595901405,
    "vss_50": null,
    "evpi_50": null
  },
  "saa_heuristic": {
    "method": "alns_lahc_saa",
    "train_objective": 944588.3191043347,
    "full_expected_cost": 944588.3191043347,
    "full_first_stage": 614000.0,
    "full_expected_second": 330588.3191043347,
    "n_stations": 69,
    "construct_k": 120,
    "initial_n_stations": 120,
    "n_sample": 100,
    "alns_iterations": 12000,
    "alns_time_s": 5589.858294963837,
    "alns_L": 620,
    "alns_segment_length": 320,
    "alns_reaction_factor": 0.055,
    "alns_p_large": 0.36,
    "initial_train_cost": 1182867.6210488975,
    "wall_time_s": 5590.452968120575,
    "sample_indices": [
      90,
      78,
      19,
      51,
      61,
      20,
      8,
      87,
      50,
      58,
      71,
      9,
      55,
      28,
      15,
      73,
      31,
      52,
      5,
      17,
      21,
      26,
      37,
      46,
      13,
      70,
      25,
      33,
      95,
      43,
      93,
      76,
      56,
      64,
      2,
      75,
      65,
      74,
      38,
      89,
      1,
      81,
      11,
      53,
      4,
      7,
      14,
      29,
      47,
      97,
      48,
      85,
      27,
      41,
      10,
      82,
      83,
      32,
      86,
      18,
      62,
      91,
      98,
      72,
      16,
      80,
      23,
      67,
      30,
      84,
      12,
      6,
      22,
      36,
      99,
      24,
      57,
      40,
      68,
      63,
      88,
      0,
      66,
      94,
      79,
      49,
      92,
      59,
      96,
      42,
      77,
      45,
      69,
      39,
      34,
      35,
      3,
      60,
      44,
      54
    ]
  }
}